group,total_users,total_clicks,conversion_rate
A,5004,1563,0.31235011990407674
B,5201,3622,0.6964045375889252
